event_no,event_name,pre_event,reaction_type,player,date,location,cause,proposal,key_topic,hashtag,tag
1,"การจัดชุมนุมของ ""เยาวชนปลดแอก"" (Free YOUTH)",,,1,18-07-2563,"อนุสาวรีย์ประชาธิปไตย 
กรุงเทพมหานคร","- การปล่อยปละละเลยของรัฐบาลในสถานการณ์ Covid-19 (กรณีกลุ่มทหารอียิปต์
เข้าพำนักที่จ.ระยอง โดย 1 ในนั้นมีเชื้อ Covid-19 อยู่)  
- ปัญหาเผด็จการที่ฝั่งรากลึก เช่น การใช้กฎหมายกับประชาชน (เช่น คนที่ไปเรียกร้องความยุติธรรมให้คุณวันเฉลิม ที่หน้าสถานฑูตกัมพูชา) ,การปลูกฝัง ผ่านระบบการศึกษา/เรียนการสอน 
","ข้อเรียกร้อง 3 ประการของการชุมนุม

1. “ต้องประกาศยุบสภา”

2. “หยุดคุกคามประชาชน” 

3. “ร่างรัฐธรรมนูญใหม่” 

(https://www.amarintv.com/news/detail/39008)","1,2,3",,
2,"การจัดชุมนุม ""คนเชียงใหม่จะไม่ทนtoo"" ",1,1,1,19-07-2563,"ประตูท่าแพ
จังหวัดเชียงใหม่",สนับสนุนกลุ่มเยาวชนปลดแอก,"1. ขอให้พลเอกประยุทธ์ลาออกจากตำแหน่ง ผอ. ศบค.

2. ยุบสภา + เลือกตั้งใหม่

3. อย่าขัดขวางการร่างรัฐธรรมนูญใหม่ โดยให้ประชาชนมีส่วนร่วม","1,2,3",,
3,"การจัดชุมนุมของกลุ่ม ""วิ่งไล่ลุง อุบลราชธานี"" ",1,1,2,19-07-2563,"ศาลหลักเมือง
จังหวัดอุบลราชธานี",สนับสนุนกลุ่มเยาวชนปลดแอก,,"1,2,3",,
4,ตัวแทน New life Network-แนวร่วมนวชีวิน-NN อดข้าวประท้วงรัฐบาล,1,1,2,20-07-2563,หน้าทำเนียบรัฐบาล,ประท้วงรัฐบาล,,,,
5,อานนท์ นำภา และ เพนกวิน-พริษฐ์ ชิวารักษ์ จัดกิจกรรมแสดงความไม่พอใจผู้พันเจี๊ยบ อดีตรองโฆษก ทบ. โพสต์การชุมนุมของเยาวชนปลดแอกเป็นม็อบมุ้งมิ้ง ตีกันเอง,1,1,2,20-07-2563,หน้า บก.ทบ. ,,,,,
6,กิจกรรม “ชมสวนใหม่ยาม 2 ทุ่ม” ของ “กลุ่ม มศว คนรุ่นเปลี่ยน”,1,1,1,21-07-2563,"อนุสาวรีย์ประชาธิปไตย 
กรุงเทพมหานคร",,,,,
7,นักศึกษา ม.วลัยลักษณ์ ประกาศหนุน 3 ข้อเรียกร้องเยาวชนปลดแอก,1,1,1,21-07-2563,โรงอาหาร มหาวิทยาลัยวลัยลักษณ์,สนับสนุน 3 ข้อเรียกร้องของกลุ่มเยาวชนปลดแอก,,"1,2,3",,
8,กิจกรรม “อิสานสิบ่ทน” ของกลุ่มแนวร่วม นิสิต มมส เพื่อประชาธิปไตย,1,1,1,22-07-2563,ลานแปดเหลี่ยม ม.มหาสารคาม,,"4 ข้อเรียกร้อง

1. ยุบสภา

2. สว. 250 คน ลาออก

3. เลือกตั้งใหม่ ภายใต้ รัฐธรรมนูญ 2540

4. ยกเลิกรัฐธรรมนูญ 2560 และร่างรัฐธรรมนูญใหม่ของประชาชน","1,2,3",,
9,"กิจกรรม ""คนแพร่เล่าขวัญเผด็จการ"" โดย แกนนำและเครือข่ายรักประชาธิปไตยแพร่",1,1,2,22-07-2563,"สวนสุขภาพเฉลิมพระเกียรติ ร.9
จังหวัดแพร่",,,,,
10,"กิจกรรม ""มาเก็บขยะ""",1,1,2,22-07-2563,"แหลมแท่น
จังหวัดชลบุรี",,,,,
11,"กิจกรรม ""สงขลาไม่ทนtoo""",1,1,2,22-07-2563,"รูปปั้นนางเงือก
ริมชายหาดสมิหลา
จังหวัดสงขลา",,,,,
12,"กิจกรรม ""ปทุมธานีไม่ปรานีเผด็จการ"" โดยกลุ่มเครือข่ายนักศึกษา 3 สถาบัน (ม.รังสิต ม.กรุงเทพ มทร.ธัญบุรี) และเครือข่ายคนทำงาน",1,1,2,23-07-2563,"บริเวณท่าเรือตู้ต่างจังหวัด
ศูนย์การค้ากินซ่า ปทุมธานี",ไล่รัฐบาล,,,,
13,"กิจกรรม ""อีสานบ่ย่านเด้อ"" ของนักศึกษา ม.ขอนแก่น และกลุ่มขอนแก่นพอกันที",1,1,2,23-07-2563,"สวนรัชดานุสรณ์
จังหวัดขอนแก่น",ไล่รัฐบาล,,,,
14,"กิจกรรม ""อยุธยาจะไม่ทนอีกต่อไป""",1,1,2,23-07-2563,สวนสาธารณะบึงพระราม,ชุมนุมขับไล่รัฐบาล,,,,
15,กิจกรรม “หมุดหมายประชาธิปไตย ร่วมเเฟลชม็อบไล่เผด็จการไปด้วยกัน” โดยนักศึกษา,1,1,1,23-07-2563,ม.อ.ปัตตานี,,,,,
16,"กิจกรรม ""ลูกภูพานต้านเผด็จการ""",1,1,1,23-07-2563,ลานคณะมนุษยฯ ราชภัฎสกลนคร,,,,,
17,กลุ่มนวชีวิน ร่วมกับ ภาคีนักศึกษาศาลายา จัดกิจกรรมอ่านแถลงการณ์ เผารูป พล.อ.ประยุทธ์ และ พล.อ.ประวิตร,1,1,2,24-07-2563,หน้าทำเนียบรัฐบาล,,,,,
18,นักเรียนเตรียมอุดมฯ จัดกิจกรรมไล่รัฐบาลเผด็จการในโรงเรียน,1,1,1,24-07-2563,โรงเรียนเตรียมอุดมศึกษา,,,,,
19,ชุมนุม “ประชาชนเป็นใหญ่ในแผ่นดิน” โดยกลุ่ม “มอกะเสด” (KU Daily),1,1,1,24-07-2563,ม.เกษตรฯ,,,,,
20,"กิจกรรม ""ลูกพิกุลไม่สนับสนุนเผด็จการ"" โดยนักเรียนสตรีวิทยา 2",1,1,1,24-07-2563,"หน้าห้องสมุด
โรงเรียนสตรีวิทยา 2",ตะโกนยุบสภา ลูกพิกุลไม่สลิ่ม,,,,
21,"กิจกรรม “อุดรธานีสิบ่ทน” โดยกลุ่มเสรีประชาธิปไตยนิสิตนักศึกษาอุดรธานี, กลุ่มดอกจานบานที่อุดรธานี, กลุ่มเยาวชนอุดรปลดแอก",1,1,1,24-07-2563,"ทุ่งศรีเมือง
ลานน้ำพุ",,,,,
22,"กิจกรรม “โคราชจะไม่ทน” โดยนิสิต นักศึกษา มรภ.นครราชสีมา มทร.อีสาน วิทยาเขตนครราชสีมา, มหาวิทยาลัยเทคโนโลยีสุรนารี, ม.วงษ์ชวลิตกุล",1,1,1,24-07-2563,ลานย่าโม,,,,,
23,การจัดชุมนุมโดย พรรควิฬาร์ (แมวดำ) ม.เชียงใหม่ และชาวลำพูน,1,1,2,24-07-2563,อนุสาวรีย์พระนางจามเทวี,,,,,
24,"กิจกรรม ""กระบี่ไม่ทน"" ",1,1,1,24-07-2563,"ริมเขื่อนแม่น้ำกระบี่ 
เขตเทศบาลเมืองกระบี่",,,,,
25,กิจกรรม “เก็บขยะเผด็จการ” ,1,1,2,24-07-2563,สวนสาธารณะท่ามิหรำ,,,,,
26,กิจกรรม “ใส่ดำไว้ทุกข์ประเทศไทย เดินไล่โจรปล้นชาติ” โดยกลุ่มเลือกข้างประชาธิปไตย,1,1,2,25-07-2563,ถนนราชดำเนิน -> อนุสาวรีย์ประชาธิปไตย,,,,,
27,"กิจกรรม ""สมุทรปราการจะไม่ทน""",1,1,2,25-07-2563,ลานหน้าหอชมเมือง,,,,,
28,กิจกรรม แต่งชุดดำชุมนุม ของนักเรียน นักศึกษากลุ่ม “คนคอนไม่ทน” ,1,1,1,25-07-2563,สนามหน้าเมืองนครศรีธรรมราช,,,,,
29,กิจกรรม “คนเจียงฮายก่าย คนง่าวบ่เอาคนหลายใจ” โดยนิสิต นักศึกษา จาก ม.แม่ฟ้าหลวง มรภ.เชียงราย ม.พะเยา,1,1,1,25-07-2563,แยกหอนาฬิกา,,,,,
30,"การจัดชุมนุม ""กาญจน์ปลดแอก"" ของกลุ่มเยาวชนกาญจน์ปลดแอก",1,1,1,25-07-2563,สนามหน้าศาลาขุนแผน,,,,,
31,"กิจกรรม ""ม็อบไม่มุ้งมิ้งแต่ตุ้งติ้งค่ะคุณรัฐบาล"" โดยกลุ่ม ""เสรีเทยพลัส"" ",1,1,1,25-07-2563,"อนุสาวรีย์ประชาธิปไตย 
กรุงเทพมหานคร","- ประกาศจุดยืนและข้อเรียกร้อง 3 ประการ สืบเนื่องจากม็อบเยาวชนปลดแอก

- จัดกิจกรรม Parody ล้อเลียนประยุทธ์

- สนับสนุนความเท่าเทียมทางเพศ","สนับสนุนข้อเรียกร้อง 3 ประการ

1. “ยุบสภา”

2. “หยุดคุกคามประชาชน” 

3. “ร่างรัฐธรรมนูญใหม่” 

และเรียกร้องให้รัฐบาลและผู้มีส่วนเกี่ยวข้อง สนับสนุนการแก้ไขประมวลกฎหมายแพ่งและพาณิชย์เพื่อให้บุคคลทุกเพศสามารถสมรสกันได้อย่างถูกกฎหมาย หรือ สมรสเท่าเทียมเกิดขึ้นในประเทศไทย

(https://www.thairath.co.th/news/politic/1897225)","1,2,3",,
32,"กิจกรรม ""จันรีไม่ทนคนจัญไร"" ",1,1,2,26-07-2563,สนามกีฬาสามเหลี่ยม,,,,,
33,"กิจกรรม โดยกลุ่ม ""ภูเก็ตปลดแอก""",1,1,2,26-07-2563,วงเวียนหอย สะพานหิน,,,,,
34,"กิจกรรม ""หนองบัวลำภูทนบ่ไหวแล้ว"" โดยเยาวชนกลุ่มเสรีประชาธิปไตยนิสิตนักศึกษาหนองบัวลำภู",1,1,1,26-07-2563,สวนสุขภาพข้างตลาดแม่สำเนียง,,,,,
35,"กิจกรรม ""หนองคายสิบ่ทน"" ",1,1,2,26-07-2563,ลานน้ำพุพญานาค เทศบาลเมืองหนองคาย,,,,,
36,กิจกรรม “ลำปางรวมการเฉพาะกิจ” ,1,1,1,26-07-2563,สวนสาธารณะห้าแยกหอนาฬิกา,,,,,
37,กิจกรรม #วิ่งกันนะแฮมทาโร่ (โดยกลุ่มแนวร่วมนวชีวิน) ,1,1,1,26-07-2563,"อนุสาวรีย์ประชาธิปไตย 
กรุงเทพมหานคร","วิ่งมีการตะโกนคำว่า “ยุบสภาฯ” และร้องแฮมทาโร่สลับกันไป บางส่วนก็มีป้ายแสดงความคิดเห็นที่เขียนข้อความต่างๆ มาชูระหว่างการวิ่ง

 https://thestandard.co/lets-run-hamtaro-dissolve-parliament-protesting/",,,,
38,กิจกรรมกินแมคฯฟรี #กรูหิวกรูไม่ทน โดยกลุ่มประชาชนปลดกระดุม นำโดย สมบัติ บุญงามอนงค์ ,1,1,2,26-07-2563,ร้านแมคฯ ตรงข้ามอนุสาวรีย์ประชาธิปไตย,,,,,
39,กิจกรรม “ส้มโอ โอโห้! โอชา” โดยกลุ่มขบวนการประชาธิปไตยใหม่,1,1,2,27-07-2563,อนุสาวรีย์ประชาธิปไตย,,,,,
40,กิจกรรม “แปดริ้วจะไม่ทนกับประชาธิปไตยจอมปลอม”,1,1,2,27-07-2563,ลานกิจกรรม หน้าโรงพยาบาลพุทธโสธร,,,,,
41,กิจกรรม “พะเยาบ่าเอาแป้ง” โดยนิสิต ม.พะเยา,1,1,1,27-07-2563,หน้ามหาวิทยาลัยพะเยา,,,,,
42,การจัดชุมนุม โดยนักศึกษา ม.บูรพาสระแก้ว,1,1,1,27-07-2563,หน้าองค์พระสยามเทวาธิราช อ.อรัญประเทศ,,,,,
43,กิจกรรมเชิงสัญลักษณ์ขับไล่รัฐบาลครั้งที่สอง โดยกลุ่มเยาวชนปลดแอก นักศึกษา ม.เชียงใหม่ ตัวแทนนักศึกษาจากสถาบันในภาคเหนือ ,2,1,1,29-07-2563,"ประตูท่าแพ
จังหวัดเชียงใหม่",,,,,
44,กิจกรรม “วิ่งแฮมทาโร่”,"1,37",1,1,29-07-2563,ลานข้างบ่อบำบัดน้ำเสีย เทศบาลนครนครสวรรค์,,,,,
45,กิจกรรม  #เด็กนนท์ พร้อมชนเผด็จการ #แฮมเตอร์นนท์ ไล่รัฐบาล #ลูกทุเรียนนนท์ ต่อต้านเผด็จการ,"1,37",1,1,29-07-2563,ลานกิจกรรม ริมเขื่อนท่าน้ำนนทบุรี,https://www.naewna.com/politic/508428,,,,
46,กิจกรรมของกลุ่ม “สุพรรณไม่เอาเผด็จการ”,1,1,2,29-07-2563,หน้าศาลากลางจังหวัดสุพรรณบุรี,,,,,
47,กิจกรรม #เมืองเลยสิบ่ทนก๋อ,1,1,2,29-07-2563,สวนสาธารณะกุดป่อง,,,,,
48,กิจกรรม “ลูกหลานนักศึกษาล้างจาน: ล้างอยุติธรรม: ล้างบางรัฐบาลเผด็จการ” โดยกลุ่ม 24 มิถุนา ประชาธิปไตย,1,1,2,30-07-2563,หน้าทำเนียบรััฐบาล,,,,,
49,กิจกรรม “อย่าปล่อยให้เผด็จการเป็นเรื่องปกติ” โดยนักศึกษา 3 สถาบันพระจอมเกล้าฯ,1,1,1,30-07-2563,ม.เทคโนโลยีพระจอมเกล้าพระนครเหนือ,,,,,
50,กิจกรรม “Hamtaro Oak Oak Run” โดยกลุ่มแฮมทาโร่ตรวจไฟ พร้อมด้วยกลุ่มนักเรียนนักศึกษา,"1,37",1,2,30-07-2563,ลานพระบรมราชานุสาวรีย์สมเด็จพระเจ้าตากสินฯ วงเวียนใหญ่,"รวมตัวกันเพื่อแสดงออกตามเจตนารมณ์ทางการเมืองตามแนวทางประชาธิปไตย 
https://www.dailynews.co.th/politics/787435","กลุ่มผู้ชุมนุมมีจุดยืนเรียกร้อง 3 ข้อต่อรัฐบาล คือ 
- ยุบสภา
- แก้ไขรัฐธรรมนูญ 
- หยุดคุกคามประชาชน
","1,2,3",,
51,กิจกรรมไล่รัฐบาล โดยนักเรียนจากโรงเรียนสาธิต ม.ศิลปากร โรงเรียนศรีวิชัยวิทยา นักศึกษาและศิษย์เก่า ,1,1,1,30-07-2563,ม.ศิลปากร สนามจันทร์,ไล่รัฐบาล,,,,
52,กิจกรรม #ลูกพ่อแลไม่แคร์เผด็จการ #ชัยภูมิจะไม่ทน,1,1,2,30-07-2563,อนุสาวรีย์เจ้าพ่อพญาแล,,,,,
53,กลุ่มอาชีวะช่วยชาติ รวมตัวจัดกิจกรรม ปกป้องสถาบันพระมหากษัตริย์,1,2,2,30-07-2563,"อนุสาวรีย์ประชาธิปไตย 
กรุงเทพมหานคร",https://news.thaipbs.or.th/content/295032?read_meta=%7B%22label%22%3A%22articlepage_number3%22%2C%22group%22%3A%22NA%22%7D,,,,
54,นักเรียนเตรียมอุดมศึกษา กลุ่ม #เกียมอุดมไม่ก้มหัวให้เผด็จการ จัดเวรี่แฟลชม็อบ “แจวเรือ! ตามหาประชาธิปไตย”,1,1,1,31-07-2563,"ลานอเนกประสงค์
โรงเรียนเตรียมอุดมศึกษา",,,,,
55,กิจกรรม “เขียนจดหมาย บันทึกเก็บไว้ ก่อนเปิดสู่สาธารณะ 10 ปี” โดยเครือข่ายนักเรียน นิสิต นักศึกษาเคียงข้างประชาชนเพื่อประชาธิปไตย (คนป.) และ สนท. ,1,1,1,31-07-2563,ไปรษณีย์กลาง บางรัก,,,,,
56,กิจกรรมแฟลชม็อบ “ยืนชูกระดาษเปล่า” โดยกลุ่ม มศว คนรุ่นใหม่,1,1,1,31-07-2563,สกายวอล์ก สี่แยกปทุมวัน,,,,,
57,กลุ่มเยาวชนจัดกิจกรรมแฟลชม็อบ Hamtaro Oak Oak Run “ของอร่อยที่สุดคือภาษีประชาชน” ,"1,37",1,1,31-07-2563,ใต้สะพานตากสิน,การวิ่งแฮมทาโร่เป็นวงกลมใต้สะพานตากสิน เพื่อต่อต้านเผด็จการ ยุบสภา ร่างรัฐธรรมนูญโดยประชาชน ยกเลิก พ.ร.ก.ฉุกเฉิน,,,,
58,กิจกรรมตบยุงไล่ลุงตู่ โดยนิสิต ม.นเรศวร,1,1,1,31-07-2563,สนามหน้าคณะสังคมศาสตร์,,,,,
59,กิจกรรม “คนอุบลรวมพลไม่ทนเผด็จการ” โดยกลุ่มวิ่งไล่ลุงอุบลฯ,1,1,2,01-08-2563,"ศาลหลักเมือง
จังหวัดอุบลราชธานี",,,,,
60,กลุ่มนักศึกษาและเยาวชนปลดแอกราชบุรี สวมเสื้อสีดำจัดกิจกรรม,1,1,1,01-08-2563,เขื่อนรัฐประชาพัฒนา,,,,,
61,นักศึกษา แสดงพลังปลดแอกประชาธิปไตย,1,1,1,01-08-2563,"บริเวณสะพานนริศ อ.เมือง
สุราษฎร์ธานี",,,,,
62,กิจกรรม #ศรีมหาโพธิ์คู่บ้านแต่ไม่อยู่คู่เผด็จการ,1,1,1,01-08-2563,"ลาน ร.5
ปราจีนบุรี ",,,,,
63,คณะประชาชนเพื่ออิสรภาพ รวมตัวที่หน้าอนุสรณ์สถาน 14 ตุลา 16 ถนนราชดำเนิน ขี่จักรยานไปหน้าทำเนียบ,1,1,2,02-08-2563,ถนนราชดำเนิน -> หน้าทำเนียบรัฐบาล,,,,,
64,กลุ่มเยาวชนปัตตานี ชุมนุมเรียกร้องประชาธิปไตย,1,1,1,02-08-2563,"หน้ามัสยิดกรือเซะ อ.เมือง
ปัตตานี",,,,,
65,"ไมค์ ภาณุพงศ์ จาดนอก, เพนกวิน พริษฐ์ ชิวารักษ์ พร้อมชาวระยอง ชุมนุมร่วมกัน",1,1,2,02-08-2563,หอนาฬิกากลางเมืองระยอง,,,,,
66,นักเรียน นักศึกษา ประชาชน สวมชุดดำชุมนุม,1,1,2,02-08-2563,ด้านข้างศาลากลางจังหวัดศรีสะเกษ,,,,,
67,สมบัติ บุญงามอนงค์ จัดกิจกรรม ซุ่มกินแมค,1,1,2,02-08-2563,"ประตูท่าแพ
จังหวัดเชียงใหม่",,,,,
68,กิจกรรม #สหภาพปลดแอกร้อยเอ็ด วิ่งแฮมทาโร่ต้านเผด็จการ พร้อมบีบไก่โอ๊ค,"1,37",1,1,02-08-2563,"ลานหน้าบึงพลาญชัย
ร้อยเอ็ด",,,,,
69,"กลุ่ม ""มหานครเพื่อประชาธิปไตย"" ร่วมกับ ""กลุ่มมอกะเสด"" จัดการชุมนุมในชื่อ”เสกคาถา ผู้พิทักษ์ปกป้องประชาธิปไตย”",1,1,2,03-08-2563,"อนุสาวรีย์ประชาธิปไตย 
กรุงเทพมหานคร","อานนท์ นำภา ขึ้นปราศรัยในประเด็นการขยายพระราชอำนาจของสถาบันพระมหากษัตริย์และการปฏิรูปสถาบันฯ ""เป็นครั้งแรก""

https://themomentum.co/harry-potter-themed-protests-in-thailand/",การปฏิรูปสถาบันพระมหากษัตริย์ (ถูกพูดถึงเป็นครั้งแรก),4,,
70,กิจกรรม “ภูพานตระหง่านฟ้า คู่ประชาธิปไตย อีสานบ่ทนสกลฯ ลุกขึ้นสู้ ต้านเผด็จการ”,1,1,1,03-08-2563,มรภ.สกลนคร,,,,,
71,กิจกรรม “มองสภาใหม่ฝันให้ไกล สร้างไม่เสร็จ” โดยสิรภพ พุ่มพึ่งพุทธ ตัวแทนกลุ่มมศว. คนรุ่นเปลี่ยน,1,1,1,06-08-2563,บริเวณหน้าอาคารรัฐสภา,มาดูการก่อสร้างรัฐสภา ที่ใช้เวลาก่อสร้างอย่างยาวนาน ว่าจะเกิดความคุ้มค่ากับภาษีประชาชนหรือไม่ และจะเป็นการเสียค่าโง่ในการก่อสร้างอีกหรือไม่ เพราะไม่ทราบงบประมาณที่แท้จริงว่าใช้จ่ายไปเท่าไหร่แล้ว เนื่องจากที่ผ่านมามีการขอขยายระยะเวลาการก่อสร้างหลายครั้ง และติดขัดปัญหาการเวรคืนที่ดินมาตลอด,,,,
72,"แถลงข่าวเปิดตัว ""คณะประชาชนปลดแอก"" (Free people) (การรวมตัวกันของหลายกลุ่ม เช่น เยาวชนปลดแอก เสรีเทยพลัส)",1,1,2,07-08-2563,"อนุสาวรีย์ประชาธิปไตย
กรุงเทพมหานคร",- ยกระดับการเคลื่อนไหวต่อเนื่องจากการชุมนุมของเยาวชนปลดแอก เมื่อวันที่ 18 กรกฎาคม 2563 เพราะ รัฐบาลยังคงนิ่งเฉยไม่ดําเนินการตามข้อเรียกร้อง 3 ข้อ,"ข้อเรียกร้อง 3 ข้อ

1. ""หยุดคุกคามประชาชน""

2. ""ร่างรัฐธรรมนูญใหม่"" 

3. ""ยุบสภา""

(https://themomentum.co/free-people/)","1,2,3",,
73,การชุมนุมเพื่อคัดค้านการจับกุมตัวทนายอานนท์ นำภาและไมค์ ภานุพงษ์ จาดนอก,1,1,2,07-08-2563,"สน.บางเขน 
กรุงเทพมหานคร",เพื่อให้กำลังใจและคัดค้านการจับกุมตัวของเจ้าหน้าที่ตำรวจ ,"""หยุดคุกคามประชาชน"" ""ปล่อยเพื่อนเรา""",1,,
74,ม็อบเมาคลีล่าตู่,72,1,1,07-08-2563,ลานเพลินตา อาคารไทยบุรี มหาวิทยาลัยวลัยลักษณ์,,"มีข้อเรียกร้องดังนี้
1. เรียกร้องให้รัฐบาลยุบสภา 
2. ให้เจ้าหน้าที่รัฐหยุดคุกคามประชาชนในรูปแบบต่างๆ 
3. ให้ร่างรัฐธรรมนูญฉบับใหม่","1,2,3",,
75,กิจกรรมถือกระดาษเปล่าและชูสามนิ้วของนักเรียนนักศึกษา,72,1,1,07-08-2563,"หน้าโรงเรียนหาดใหญ่วิทยาลัย 
จ.สงขลา",แสดงจุดยืนต่อต้านเผด็จการ,,,,
76,"Flash Mob ""ถ้าไม่สู้ก็อยู่อย่างทาส"" ของ ""คณะประชาชนปลดแอก""",,1,2,08-08-2563,Sky Walk หน้า MBK Center,"- ต่อต้านการใช้กฎหมายเป็นเครื่องมือของ (รัฐบาล) เผด็จการในการคุกคามประชาชน 

- เพื่อทวงคืนความยุติธรรมให้กับประชาชน หลังทนายอานนท์ นำภา และ ไมค์ ภานุพงศ์ จาดนอก ถูกตำรวจจับและตั้ง 8 ข้อหาในการชุมนุมของกลุ่มเยาวชนปลดแอกเมื่อวันที่ 18 ก.ค. 2563

- ท่าทีของรัฐบาลยังคงเพิกเฉยต่อข้อเรียกร้อง และยังคงเดินหน้าคุกคามประชาชน ","""หยุดคุกคามประชาชน"" ""ปล่อยเพื่อนเรา""",1,,
77,ชุมนุมคัดค้านการจับกุมตัวอานนท์และภานุพงษ์,1,1,2,08-08-2563,"ศาลอาญา รัชดา 
กรุงเทพมหานคร",คัดค้านการจับกุมตัวอานนท์และภานุพงษ์รวมถึงมาให้กำลังใจทั้งสองคน,"""หยุดคุกคามประชาชน"" ""ปล่อยเพื่อนเรา""",1,,
78,กิจกรรม #แม่กลองต้องขยับ โดยกลุ่มสมุทรสงครามปลดแอก,72,1,2,08-08-2563,บริเวณหน้าธนาคารออมสิน สาขาใหญ่ ตรงข้ามสวนสุขภาพ ศาลากลาง จ.สมุทรสงคราม,ขับไล่เผด็จการ พร้อมสนับสนุน 3 ข้อเรียกร้องของคณะประชาชนปลดแอก,"ข้อเรียกร้อง 3 ข้อ

1. ""หยุดคุกคามประชาชน""

2. ""ร่างรัฐธรรมนูญใหม่"" 

3. ""ยุบสภา""","1,2,3",,
79,กิจกรรม “ยโสธรบ่ออนซอนเผด็จการ” โดยกลุ่ม “ให้มันจบที่รุ่นเรายโสธร” และ “กลุ่มประชาชนปลดแอกยโสธร”,72,1,2,08-08-2563,ลานข้างบริเวณห้องประชุม OTOP ในสวนสาธารณะพญาแถน จังหวัดยโสธร,เรียกร้องให้รัฐหยุดคุกคามประชาชน ยุบสภา ร่างใหม่รัฐธรรมนูญ ปล่อยตัวนักกิจกรรมทางการ และหยุดการพัฒนาที่ทำลายวิถีชีวิตชุมชน,"ข้อเรียกร้อง 3 ข้อ

1. ""หยุดคุกคามประชาชน""

2. ""ร่างรัฐธรรมนูญใหม่""

3. ""ยุบสภา""",,,
80,กิจกรรม #เมืองภูเขาไฟไม่รับใช้เผด็จการ โดยกลุ่มเยาวชนบุรีรัมย์ปลดแอก,"37,72",1,1,08-08-2563,"แยกสะพานยาว สวนรมย์บุรี 
จ.บุรีรัมย์","ปราศรัยเน้นเรื่องระบบการศึกษาและปัญหาที่เกิดขึ้นในรั้วโรงเรียน, การเมืองท้องถิ่น, นักกิจกรรมถูกดำเนินคดีอย่างไม่มีความชอบธรรม รวมไปถึงเรื่องการวิจารณ์การทำหน้าที่ของรัฐบาลภายใต้การนำของ พล.อ. ประยุทธ์ จันทร์โอชา นายกรัฐมนตรี ",,,,
81,กิจกรรมแฟลชม็อบ “สารคามเผด็จการบ่ต้อง” โดยกลุ่มเครือข่ายประชาธิปไตยมหาสารคาม (คปมค.),72,1,2,09-08-2563,ศาลหลักเมือง ต.ตลาด อ.เมือง จ.มหาสารคาม,เพื่อขับไล่รัฐบาลเผด็จการ และปราศรัยถึงความล้มเหลวของรัฐบาลในการบริหารประเทศ พร้อมกับเขียนป้ายแสดงออกถึงความในใจ ที่จะให้รัฐบาลเผด็จการออกไป เรียกร้องให้รัฐบาลลาออก มีการเลือกตั้งใหม่ และแก้ไขรัฐธรรมนูญปี 2560 ,"1. เรียกร้องให้รัฐบาลยุบสภา 

2. ให้เจ้าหน้าที่รัฐหยุดคุกคามประชาชนในรูปแบบต่าง ๆ 

3. ให้ร่างรัฐธรรมนูญฉบับใหม่","1,2,3",,
82,นักเรียน นักศึกษา ประชาชน ร่วมชุมนุม,72,1,2,09-08-2563,"ประตูท่าแพ
จังหวัดเชียงใหม่","เพื่อเรียกร้องให้มีการร่างรัฐธรรมนูญใหม่, ยุบสภาและหยุดคุกคามประชาชน","- ร่างรัฐธรรมนูญใหม่

- ยุบสภา

- หยุดคุกคามประชาชน","1,2,3",,
83,กิจกรรม #พิษณุโลกคนกล้าไม่ก้มหัวให้เผด็จการ,72,1,2,09-08-2563,ริมตลิ่งแม่น้ำน่าน หน้าวัดพระศรีรัตนมหาธาตุฯ,,"ย้ำใน 3 ข้อเรียกร้อง คือ 

1. แก้รัฐธรรมนูญ 

2. ยุบสภา 

3 .หยุดคุกคามประชาชน ","1,2,3",,
84,กิจกรรม #สะเร็นไม่สลิ่ม โดยกลุ่มเยาวชนสุรินทร์เพื่อประชาธิปไตย และกลุ่มนักเรียน นักศึกษา จากโรงเรียน สถาบันการศึกษาต่างๆ,72,1,1,10-08-2563,"สวนเฉลิมพระเกียรติ 80 พรรษา 
จ.สุรินทร์","เพื่อเคลื่อนไหวต่อต้านรัฐบาล พล.อ.ประยุทธ์ จันทร์โอชา และแสดงความสนับสนุนข้อเรียกร้อง 3 ข้อที่กลุ่มเยาวชนปลดแอกและสหภาพนักเรียน นิสิต นักศึกษาแห่งประเทศไทย (สนท.) ประกาศในการชุมนุมใหญ่ที่อนุสาวรีย์ประชาธิปไตยเมื่อวันที่ 18 กรกฎาคม 2563 ได้แก่ ยุบสภา , แก้ไขรัฐธรรมนูญให้เป็นประชาธิปไตยและการยุติการคุกคามประชาชน ","1. เรียกร้องให้รัฐบาลยุบสภา 

2. ให้เจ้าหน้าที่รัฐหยุดคุกคามประชาชนในรูปแบบต่าง ๆ 

3. ให้ร่างรัฐธรรมนูญฉบับใหม่","1,2,3",,
85,กิจกรรมชูกระดาษเปล่า ของกลุ่มนักเรียนโรงเรียนสตรีศึกษา จังหวัดร้อยเอ็ด,72,1,1,10-08-2563,"โรงเรียนสตรีศึกษา 
จังหวัดร้อยเอ็ด",เพื่อแสดงจุดยืนต่อต้านเผด็จการ,,,,
86,การชุมนุม “กาฬสินธุ์สิบ่ทน” โดยกลุ่มกาฬสินธุ์สิบ่ทน,72,1,1,11-08-2563,"สวนสาธารณะกุดน้ำกิน 
จ.กาฬสินธุ์",เพื่อเรียกร้องให้รัฐบาลหยุดคุกคามประชาชน ยุบสภา และแก้ไขรัฐธรรมนูญ,"ข้อเรียกร้อง 3 ข้อ

1. ""หยุดคุกคามประชาชน""

2. ""ร่างรัฐธรรมนูญใหม่"" 

3. ""ยุบสภา""","1,2,3",,
87,กิจกรรมแฟลชม็อบ ได้เวลาชาวเรือใบออกเรือ “ไล่ทรราช” โดยภาคีกลุ่มนักศึกษา,72,1,1,11-08-2563,ม.หอการค้าไทย,,,,,
88,กลุ่มมศว. คนรุ่นเปลี่ยนนัดจัดกิจกรรม,72,1,1,13-08-2563,ลานเทาแดง มหาวิทยาลัยศรีนครินทร์วิโรฒ ประสานมิตร ,"เพื่อเรียกร้องให้แก้ไขรัฐธรรมนูญ, ยุบสภาและหยุดคุกคามประชาชน โดยระหว่างการดำเนินการต้องไม่มีการรัฐประหารและรัฐบาลแห่งชาติ","3 ข้อเรียกร้อง คือ แก้ไขรัฐธรรมนูญ, ยุบสภาและหยุดคุกคามประชาชน 
และสองจุดยืนคือ ไม่มีการรัฐประหารและรัฐบาลแห่งชาติ","1,2,3",,
89,กิจกรรม #ขีดเส้นตายไล่รัฐบาลเผด็จการ #รามคำแหงจะไม่ทน โดยเครือข่ายรามคำแหงเพื่อประชาธิปไตย,72,1,1,14-08-2563,ลานพ่อขุน,,,,,
90,นักเรียนเตรียมอุดมฯ จัดกิจกรรม ชูกระดาษขาวหน้าเสาธง,72,1,1,14-08-2563,โรงเรียนเตรียมอุดมศึกษา,,,,,
91,กิจกรรม เบื่อแล้วเฟรชชี่ปีนี้ขอม็อบ,72,1,1,14-08-2563,ลาน 2 รัชกาล จุฬาลงกรณ์มหาวิทยาลัย,,,,,
92,ชุมนุมให้กำลังใจพริษฐ์ที่สน.สำราญราษฎร์,1,1,2,14-08-2563,"สน.สำราญราษฎร์ 
กรุงเทพมหานคร",เพื่อให้กำลังใจพริษฐ์ ชิวารักษ์ นักกิจกรรมที่ถูกจับกุมในคดียุยงปลุกปั่นจากการเข้าร่วมชุมนุมเยาวชนปลดแอก,"""หยุดคุกคามประชาชน"" ""ปล่อยเพื่อนเรา""",1,,
93,กิจกรรม Flash Mob ภายใต้สโลแกน “เมื่อเขาอยากให้เราเงียบ เราก็จะเงียบ #พะยูนปลดแอก #ให้มันจบที่รุ่นเรา”  โดยกลุ่ม Trang Against Dictatorship (TAD),72,1,2,15-08-2563,"สวนทับเที่ยง อ.เมือง 
จ.ตรัง ",ร่วมกันใส่เสื้อดำเพื่อแสดงพลังแห่งประชาธิปไตย ,"ข้อเรียกร้องของกลุ่มมี 3 ข้อ คือ 

1.หยุดคุกคามประชาชนที่ออกมาใช้สิทธิเสรีภาพทางประชาธิปไตย 

2.หากจำเป็นต้องเขียนรัฐธรรมนูญใหม่ ต้องมาจากเจตจำนงของประชาชนและเพื่อประชาชนอย่างแท้จริง 

3.รัฐบาลต้องประกาศยุบสภาเพื่อเป็นการเปิดทางให้กับประชาชนแสดงเจตจำนง ได้อย่างมีสิทธิเสรีภาพอย่างถูกต้องตามกฎหมาย
 
โดยต้องไม่มีการรัฐประหารซ้ำและต้องไม่มีการตั้งรัฐบาลแห่งชาติ","1,2,3",,
94,"การจัดชุมนุม ""ขีดเส้นตายไล่เผด็จการ"" ของ ""คณะประชาชนปลดแอก"" ",72,1,2,16-08-2563,"อนุสาวรีย์ประชาธิปไตย
และบนถนนราชดำเนินกลางตั้งแต่อนุสาวรีย์ฯ ไปจนถึงแยกคอกวัว
กรุงเทพมหานคร",- ยกระดับสืบเนื่องจากการชุมนุมของกลุ่มเยาวชนปลดแอก เมื่อวันที่ 18 ก.ค. 2563,"ข้อเรียกร้อง 3 ข้อ

1. ""หยุดคุกคามประชาชน""

2. ""ร่างรัฐธรรมนูญใหม่"" 

3. ""ยุบสภา""

บนหลักของ 2 จุดยืน

1.ต้องไม่มีการทำรัฐประหาร

2.ต้องไม่มีการจัดตั้งรัฐบาลแห่งชาติ

และอีก 1 ความฝัน 

""ระบอบประชาธิปไตยที่มีพระมหากษัตริย์อยู่ภายใต้รัฐธรรมนูญ""","1,2,3,4",,
95,กิจกรรม #ชาวอุบลไม่ทนเฉย,72,1,2,16-08-2563,"ศาลหลักเมือง จังหวัดอุบลราชธานี 
จ.อุบลราชธานี","เรียกร้องแก้ไขรัฐธรรมนูญ,ขับไล่รัฐบาล หรือบุคคลในรัฐบาล,มาให้กำลังใจคณะประชาชนปลดแอกที่จัดการชุมนุมในวันเดียวกัน รวมทั้งสนับสนุน 3 ข้อเรียกร้อง 2 จุดยืน 1 ความฝันของคณะประชาชนปลดแอก",,"1,2,3,4",,
96,"กิจกรรม ""ผูกโบขาวให้กระทรวงฯ ชูสามนิ้วร้องเพลงชาติ และมาเป่านกหวีดไล่ รมว.ศึกษาธิการ"" (#เลิกเรียนไปกระทรวง) ของกลุ่ม ""นักเรียนเลว"" ",94,1,1,19-08-2563,"หน้ากระทรวงศึกษาธิการ
","https://thestandard.co/bad-students-mob-blowing-whistle-against-minister-of-education/

เพื่อเรียกร้องให้แก้ไขรัฐธรรมนูญ ยุบสภาและหยุดคุกคามประชาชน",เพื่อเรียกร้องให้แก้ไขรัฐธรรมนูญ ยุบสภาและหยุดคุกคามประชาชน,"1,2,3",,
97,กิจกรรม #ลาดกระบังชังเผด็จการ,94,1,1,19-08-2563,"สถานีคนเดิน สถาบันเทคโนโลยีพระจอมเกล้าลาดกระบัง
กรุงเทพมหานคร","เพื่อเรียกร้องให้แก้ไขรัฐธรรมนูญ, ยุบสภาและหยุดคุกคามประชาชน และแสดงจุดยืนว่า ระหว่างดำเนินการตามข้อเรียกร้องต้องไม่รัฐประหารและไม่มีรัฐบาลแห่งชาติ","ข้อเรียกร้อง 3 ข้อ

1. ""หยุดคุกคามประชาชน""

2. ""ร่างรัฐธรรมนูญใหม่"" 

3. ""ยุบสภา""

บนหลักของ 2 จุดยืน

1.ต้องไม่มีการทำรัฐประหาร

2.ต้องไม่มีการจัดตั้งรัฐบาลแห่งชาติ","1,2,3",,
98,โคราชจะไม่ทน ep2,22,1,1,20-08-2563,"อนุสาวรีย์ท้าวสุรนารี 
จ.นครราชสีมา",,,,,
99,กิจกรรม #ปักหลักต้านเผด็จการ โดยสมัชชาแรงงาน,94,1,2,21-08-2563,"สภาองค์การลูกจ้างแรงงานยานยนต์แห่งประเทศไทย 
จ.สมุทรปราการ","- เพื่อเรียกร้องให้หยุดคุกคามประชาชนทุกรูปแบบทั้งทางตรงและทางอ้อม, แก้ไขรัฐธรรมนูญและยกเลิก สว. (พร้อมให้มีหลักประกันเสรีภาพ เสมอภาค และคุณภาพชีวิต), ยุบสภาเลือกตั้งใหม่ คืนอำนาจให้ประชาชนและเดินหน้าสู่รัฐสวัสดิการถ้วนหน้าครบวงจร

- เพื่อแสดงจุดยืนสนับสนุนคณะประชาชนปลดแอก ","ข้อเรียกร้อง 4 ข้อ คือ 

1. หยุดคุกคามประชาชนทุกรูปแบบทั้งทางตรงและทางอ้อม

2. แก้ไขรัฐธรรมนูญและยกเลิก สว. (พร้อมให้มีหลักประกันเสรีภาพ เสมอภาค และคุณภาพชีวิต)

3. ยุบสภาเลือกตั้งใหม่ คืนอำนาจให้ประชาชน

4. เดินหน้าสู่รัฐสวัสดิการถ้วนหน้าครบวงจร
","1,2,3",,
100,กิจกรรม #อยุธยาจะไม่ทนอีกต่อไป ,94,1,2,21-08-2563,"ศาลากลางจังหวัดพระนครศรีอยุธยาหลังเก่า 
จ.พระนครศรีอยุธยา",เพื่อแสดงจุดยืนเห็นด้วยตามข้อเรียกสามข้อและสองจุดยืนตามคณะประชาชนปลดแอก,"ข้อเรียกร้อง 3 ข้อ

1. ""หยุดคุกคามประชาชน""

2. ""ร่างรัฐธรรมนูญใหม่"" 

3. ""ยุบสภา""

บนหลักของ 2 จุดยืน

1.ต้องไม่มีการทำรัฐประหาร

2.ต้องไม่มีการจัดตั้งรัฐบาลแห่งชาติ","1,2,3",,
101,นักเรียนมัธยมฯ กำแพงเพชร ชูกระดาษขาว,94,1,1,21-08-2563,โรงเรียนสองแห่งในจังหวัดกำแพงเพชร จ.กำแพงเพชร,เพื่อต่อต้านเผด็จการและแสดงจุดยืนสนับสนุนข้อเรียกร้องของคณะประชาชนปลดแอก,,"1,2,3",,
102,กิจกรรม ชู 3 นิ้วไล่เผด็จการ โดยกลุ่ม มศว. คนรุ่นเปลี่ยน,94,1,1,22-08-2563,สกายวอล์ก สี่แยกปทุมวัน,ทำกิจกรรมชู 3 นิ้วไล่เผด็จการเพื่อแสดงจุดยืนว่า เจ้าหน้าที่รัฐต้องหยุดคุกคามประชาชน นักเรียน นิสิต นักศึกษา และเพื่อยืนหยัดถึงสามข้อเรียกร้องของคณะประชาชนปลดแอก,"ข้อเรียกร้อง 3 ข้อ

1. ""หยุดคุกคามประชาชน""

2. ""ร่างรัฐธรรมนูญใหม่"" 

3. ""ยุบสภา""","1,2,3",,
103,กิจกรรม #อีสานปลดแอกปลาแดกจงเจริญ โดยเครือข่ายอีสานปลดแอกปลาแดกจงเจริญ,94,1,2,22-08-2563,อนุสาวรีย์ประชาธิปไตยขอนแก่น,เรียกร้องแก้ไขรัฐธรรมนูญ และยุบสภาคืนอำนาจให้ประชาชน,,,,
104,กิจกรรม #เพราะทุกคนคือแกนนำ โดยกลุ่มนิสิตมหาวิทยาลัยเกษตรศาสตร์ ภาคีนักศึกษามหาวิทยาลัยกรุงเทพ กลุ่มประชาคมศิลปากรเพื่อประชาธิปไตย (SCFD) และ พะยอมเก๋า,94,1,1,23-08-2563,"ลานคนเมือง 
กรุงเทพมหานคร","จุดประสงค์ของการจัดงานเพราะทุกคนคือแกนนํา
 
1. ผลักดันเสรีภาพในการแสดงออกและการแสดงความคิดเห็นและสิทธิมนุยชนทุกข้อ

2. ยืนยันข้อเรียกร้องด้านความเป็นธรรมในกระบวนการยุติธรรม

3. เพื่อกระตุ้นเตือนทางสังคมและรณรงค์เพื่อความเป็นธรรม

ย้ำว่า ประชาชนต้องมีเสรีภาพในการแสดงออก และเสนอว่า เราทุกคนเป็นแกนนำได้เพราะเราทุกคนร่วมเป็นกระบอกเสียงในการต่อสู้ได","ให้รัฐบาล ""หยุดคุกคามประชาชน"" ที่ออกมาใช้สิทธิและเสรีภาพตามหลักการประชาธิปไตย  ",,,
105,กิจกรรม #มอชอของัดเผด็จการ กิจกรรม โดยประชาคมมอชอ,94,1,1,24-08-2563,ศาลาอ่างแก้ว มหาวิทยาลัยเชียงใหม่,"สนับสนุนข้อเรียกร้องของคณะประชาชนปลดแอก

http://www.voicetv.co.th/read/SFFFdqbYH","ข้อเรียกร้อง 3 ข้อ

1. ""หยุดคุกคามประชาชน""

2. ""ร่างรัฐธรรมนูญใหม่"" 

3. ""ยุบสภา""

บนหลักของ 2 จุดยืน

1.ต้องไม่มีการทำรัฐประหาร

2.ต้องไม่มีการจัดตั้งรัฐบาลแห่งชาติ

และอีก 1 ความฝัน 

""ระบอบประชาธิปไตยที่มีพระมหากษัตริย์อยู่ภายใต้รัฐธรรมนูญ""","1,2,3,4",,
106,กลุ่มดาวดินสามัญชนนัดรวมตัวผู้ถูกกล่าวหาคดีชุมนุมของเยาวชนปลดแอกและผู้มาให้กำลังใจเดินเท้าไปรับทราบข้อกล่าวหา,1,1,2,28-08-2563,อนุสรณ์สถาน 14 ตุลา -> สถานีตำรวจนครบาลสำราญราษฎร์,เพื่อร่วมกันเดินไปรับทราบข้อกล่าวหาในคดีเยาวชนปลดแอก,"""หยุดคุกคามประชาชน""",1,,
107,กิจกรรม #สมุทรปราการดีดนิ้วไล่เผด็จการ,94,1,2,30-08-2563,"หอชมเมืองสมุทรปราการ 
จ.สมุทรปราการ",เพื่อแสดงความเห็นด้วยในข้อเรียกร้องและจุดยืนตามคณะประชาชนปลดแอก และความฝันที่จะปฏิรูปสถาบันฯ,"""ข้อเรียกร้อง 3 ข้อ

1. ""หยุดคุกคามประชาชน""

2. ""ร่างรัฐธรรมนูญใหม่""

3. ""ยุบสภา""

บนหลักของ 2 จุดยืน

1.ต้องไม่มีการทำรัฐประหาร

2.ต้องไม่มีการจัดตั้งรัฐบาลแห่งชาติ

และอีก 1 ความฝัน 

""ระบอบประชาธิปไตยที่มีพระมหากษัตริย์อยู่ภายใต้รัฐธรรมนูญ""""","1,2,3,4",,
108,กิจกรรม  #คนใต้แต่ไม่อยู่ใต้ตีนเผด็จการ ,94,1,1,30-08-2563,"บริเวณลานบิซมอลล์ 
มหาวิทยาลัยสงขลานครินทร์",สนับสนุนข้อเรียกร้องของคณะประชาชนปลดแอก,"""ข้อเรียกร้อง 3 ข้อ

1. ""หยุดคุกคามประชาชน""

2. ""ร่างรัฐธรรมนูญใหม่""

3. ""ยุบสภา""","1,2,3",,
109,กิจกรรม #มอศอวอไม่เอาเผด็จการ โดยนิสิตในนาม ทีมมศว (ไม่มีจุด),94,1,1,31-08-2563,"มหาวิทยาลัยศรีนครินทรวิโรฒ 
จ.นครนายก",เพื่อเรียกร้องตามคณะประชาชนปลดแอกและให้ยกเลิกโครงการเตาปฏิกรณ์นิวเคลียร์ อ.องครักษ์ จ.นครนายก,"""ข้อเรียกร้อง 3 ข้อ

1. ""หยุดคุกคามประชาชน""

2. ""ร่างรัฐธรรมนูญใหม่""

3. ""ยุบสภา""

และรัฐต้องยกเลิกโครงการเตาปฏิกรณ์นิวเคลียร์ อ.องครักษ์ จ.นครนายก","1,2,3",,
110,ประชาชนชุมนุมให้กำลังใจจุฑาทิพย์ที่ถูกจับกุมคดีเยาวชนปลดแอก,1,1,2,01-09-2563,"ศาลอาญารัชดาฯ 
กรุงเทพมหานคร",เพื่อให้กำลังใจจุฑาทิพย์ที่ถูกหมายจับในคดีการชุมนุมของเยาวชนปลดแอกเมื่อวันที่ 18 กรกฎาคม 2563,"""หยุดคุกคามประชาชน""",1,,
111,กิจกรรม #รังสิตไม่ใช่ขี้ข้าเผด็จการ โดยกลุ่มรังสิตพะยอมเก๋า,94,1,1,02-09-2563,"ลานหลังพระศรีฯ ตึก 6 มหาวิทยาลัยรังสิต 
จ.ปทุมธานี",สนับสนุนข้อเรียกร้องของคณะประชาชนปลดแอก,"""ข้อเรียกร้อง 3 ข้อ

1. ""หยุดคุกคามประชาชน""

2. ""ร่างรัฐธรรมนูญใหม่""

3. ""ยุบสภา""

และมีข้อเสนอเพิ่มเติมเกี่ยวกับสถาบันพระมหากษัตริย์","1,2,3,4",,
112,สนท.จัดกิจกรรมให้กำลังใจทนายอานนท์และภาณุพงศ์,1,1,1,03-09-2563,"เรือนจำพิเศษกรุงเทพมหานคร 
กรุงเทพมหานคร",เพื่อให้กำลังใจอานนท์ นำภา ทนายความสิทธิมนุษยชนและภาณุพงศ์ จาดนอก แกนนำเยาวชนตะวันออกเพื่อประชาธิปไตย,"""หยุดคุกคามประชาชน""",1,,
113,สนท.เรียกร้องให้ปล่อยตัวทนายอานนท์และภาณุพงศ์,"1 , 112",1,1,04-09-2563,"เรือนจำพิเศษกรุงเทพมหานคร
กรุงเทพมหานคร",เพื่อเรียกร้องให้ศาลมีคำสั่งปล่อยตัวอานนท์ นำภา ทนายความสิทธิมนุษยชนและภาณุพงศ์ จาดนอก แกนนำเยาวชนตะวันออกเพื่อประชาธิปไตยอย่างไม่มีเงื่อนไข,"""หยุดคุกคามประชาชน""",1,,
115,"การชุมนุม #หนูรู้หนูมันเลว ของกลุ่ม ""นักเรียนเลว"" และเครือข่าย ",96,1,1,05-09-2563,"หน้ากระทรวงศึกษาธิการ
","https://www.posttoday.com/politic/news/632277

https://www.mobdatathailand.org/case-file/1599877084525","เรียกร้องให้หยุดคุกคามนักเรียน, ยกเลิกกฎระเบียบล้าหลังและปฏิรูปการศึกษา โดยมีเงื่อนไขคือ หากทำไม่ได้ก็ขอให้รัฐมนตรีว่าการกระทรวงศึกษาธิการลาออกไป",,,
116,สนท.เรียกร้องให้ปล่อยตัวทนายอานนท์และภาณุพงศ์,113,1,1,06-09-2563,"เรือนจำพิเศษกรุงเทพมหานคร
กรุงเทพมหานคร",เพื่อเรียกร้องให้ศาลมีคำสั่งปล่อยตัวอานนท์ นำภา ทนายความสิทธิมนุษยชนและภาณุพงศ์ จาดนอก แกนนำเยาวชนตะวันออกเพื่อประชาธิปไตยอย่างไม่มีเงื่อนไข,"""หยุดคุกคามประชาชน""",1,,
117,กิจกรรม #เสียงบริสุทธิ์บนกระดาษขาว,94,1,1,09-09-2563,"โรงเรียนอุดรพิทยานุกูล, โรงเรียนสตรีราชินูทิศ และโรงเรียนหมากแข้ง 
",สนับสนุนข้อเรียกร้องของคณะประชาชนปลดแอก,"""ข้อเรียกร้อง 3 ข้อ

1. ""หยุดคุกคามประชาชน""

2. ""ร่างรัฐธรรมนูญใหม่""

3. ""ยุบสภา""
","1,2,3",,
118,กิจกรรม #คนนนท์ท้าชนเผด็จการ,94,1,2,10-09-2563,"ท่าน้ำนนทบุรี 
จ.นนทบุรี",สนับสนุนข้อเรียกร้องสามข้อตามคณะประชาชนปลดแอก,"""ข้อเรียกร้อง 3 ข้อ

1. ""หยุดคุกคามประชาชน""

2. ""ร่างรัฐธรรมนูญใหม่""

3. ""ยุบสภา""","1,2,3",,
119,กิจกรรม #คนอุดรบ่ทนคนอุบาทว์ ของกลุ่มเสรีประชาธิปไตยเยาวชนอุดร,94,1,2,11-09-2563,"ลานน้ำพุทุ่งศรีเมือง 
จ.อุดรธานี",สนับสนุนข้อเรียกร้องและความฝันตามคณะประชาชนปลดแอก,"ข้อเรียกร้องตามคณะประชาชนปลดแอก 3 ข้อ คือ การแก้ไขรัฐธรรมนูญ, ยุบสภาและหยุดคุกคามประชาชน 
และ 1 ความฝันคือ เรื่องการปฏิรูปสถาบันกษัตริย์
","1,2,3,4",,
120,เครือข่ายสุรินทร์ อิน(in)ประชาธิปไตยนัดชุมนุม,94,1,2,11-09-2563,"เวทีไผทสราญ 
จ.สุรินทร์",สนับสนุนข้อเรียกร้องสามข้อตามคณะประชาชนปลดแอก และเรียกร้องให้ยกเลิกมาตรา 112,เรียกร้องให้รัฐบาลหยุดคุกคามประชาชน ร่างรัฐธรรมนูญใหม่ ยุบสภาผู้แทนราษฎรแล้วเลือกตั้งใหม่ และยกเลิกมาตรา 112 ,"1,2,3,4",,
121,"กลุ่ม ""นักเรียนเลว""ปราศรัยเวทีสนามหลวง (ชุมนุม ""19 กันยา ทวงอำนาจคืนราษฎร"" ของกลุ่มแนวร่วม ""ธรรมศาสตร์และการชุมนุม"" )",115,1,1,19-09-2563,สนามหลวง,https://www.posttoday.com/politic/news/633417,"ย้ำ 3 ข้อเรียกร้อง คือ 
1.หยุดคุกคามนักเรียน 
2. ยกเลิกกฎระเบียบที่ล้าหลัง 
3.ปฏิรูปการศึกษาทั้งระบบ 
และ 1 เงื่อนไข คือหาก รมว.ศึกษาธิการทำไม่ได้ก็ต้องลาออกไป",,,
122,กิจกรรม #นํ้าเงินชมพูปลดแอก โดยกลุ่ม  Udonpit Movement ,94,1,1,21-09-2563,"โรงเรียนอุดรพิทยานุกูล 
จ.อุดรธานี","เพื่อการสร้างความตระหนักรู้ในเรื่องประชาธิปไตยและเรื่องสิทธิเสรีภาพ, ผลักดันข้อเรียกร้องของคณะประชาชนปลดแอก, ผลักดันการแสดงจุดยืนทางการเมืองของนักเรียนและบุคคลากรในโรงเรียน และกล่าวถึงปัญหาในสังคมไทยเพื่อผลักดันในทุกคนร่วมกันแก้ไข",,"1,2,3",,
123,"กิจกรรม ""จับ ส.ว.ลงหม้อ"" ของ  ""คณะประชาชนปลดแอก"" ",94,1,2,23-09-2563,"Route : กองทัพบก, กระทรวงกลาโหม, กองทัพเรือ, กองทัพอากาศ, กองบัญชาการกองทัพไทย, สำนักงานตำรวจแห่งชาติ","เดินทางด้วยรถติดเครื่องขยายเสียง และมีแกนนำหลายคนสลับกันปราศรัยไปตลอดทาง เริ่มตั้งแต่เวลา 11.00 น. 

เมื่อไปถึงแต่ละจุดจะมีการทำพิธี เพื่อเป็นการแสดงออกไม่เห็นด้วยกับการที่ผู้นำเหล่าทัพและผู้นำตำรวจดำรงตำแหน่ง ส.ว.

(https://www.thairath.co.th/news/politic/1935777)",แสดงจุดยืนไม่เห็นด้วยกับการที่ผบ. เหล่าทัพทั้ง 5 คนและ ผบ ตร. ดำรงตำแหน่ง ส.ว.,"1,3",,
124,"การจัดชุมนุม ""ไปสภาไล่ขี้ข้าศักดินา"" ของ ""คณะประชาชนปลดแอก"" ",123,1,2,24-09-2563,"หน้ารัฐสภา
กรุงเทพมหานคร","- เรียกร้องให้ สมาชิกวุฒิสภา (ส.ว.) ลงมติเห็นด้วยกับการแก้ไขรัฐธรรมนูญ มาตรา 272 เพื่อยกเลิกอำนาจของ ส.ว. ในการเลือกนายกรัฐมนตรี ซึ่งเป็น 1 ใน 6 ญัตติร่างแก้ไขรัฐธรรมนูญ ที่อยู่ระหว่างพิจารณาของรัฐสภา

(https://www.prachachat.net/politics/news-526787)

- สสร. ที่มาจากการมีส่วนร่วมของประชาชน

- ปฏิรูปสถาบันกษัตริย์","สิรภพ อัตโตหิ หนึ่งในแกนนำจากคณะประชาชนปลดแอก อ่านแถลงการณ์ ดังนี้

1. ส.ว.ต้องให้ความร่วมมือกับส.ส.ใช้กระบวนการรัฐสภายกมือสนับสนุนแก้ไขมาตรา 256 เปิดทางให้แก้ไขรัฐธรรมนูญ และมาตรา 269-272 แก้ไขที่มาและปรับลดอำนาจต่างๆของส.ว.เสียเพราะมาตราเหล่านี้เป็นที่มาของความอัปยศของประชาธิปไตยไทยอย่างที่ไม่เคยเป็นมาในประวัติศาสตร์

2. แก้ไขรัฐธรรมนูญเพื่อเลือกตั้งส.ส.ร. ปราศจากการแต่งตั้ง ต้องไม่มีการสอดไส้เพื่อรักษาอำนาจเผด็จการทรราชย์ และผู้สนับสนุนการรัฐประหารและการสืบทอดอำนาจ เพื่อให้กระบวนการร่างรัฐธรรมนูญใหม่นั้นเป็นของประชาชนอย่างแท้จริง

3. เพื่อให้ประเทศไทยกลับเข้าสู่ครรลองประชาธิปไตย เราจำเป็นจะต้อง #ปฏิรูปสถาบันกษัตริย์  จำกัดอำนาจสถาบันกษัตริย์ไม่ให้ล้นเกินระบอบประชาธิปไตย เปิดโอกาสให้แก้ไขรัฐธรรมนูญทุกหมวด ทุกมาตรา ไม่เว้นแม้แต่มาตราที่เกี่ยวข้องกับสถาบันกษัตริย์ เพื่อให้กษัตริย์อยู่ภายใต้รัฐธรรมนูญ ทั้งนี้เพื่อให้สถาบันกษัตริย์อยู่อย่างมั่นคงและงดงาม

(https://www.mobdatathailand.org/case-file/1602139302764/)","1,3,4",,
125,#ม็อบ1ตุลา :#ชมพูพันธ์ุทิพย์แตกกิ่งใบ,115,1,1,01-10-2563,"โรงเรียนเตรียมอุดมศึกษาพัฒนาการ
กรุงเทพมหานคร",เรียกร้องให้มีการแก้ไขปัญหาอำนาจนิยมในโรงเรียน การคุกคาม ล่วงละเมิดในโรงเรียน และปฏิรูปการศึกษา,,,,
126,"กิจกรรม ""เส้นทางแห่งความเจ็บปวด"" ของกลุ่ม ""นักเรียนเลว""",121,1,1,02-10-2563,"โรงเรียนสามเสนวิทยาลัย, เตรียมอุดมศึกษา, เซนต์โยเซฟคอนแวนต์, เทพศิรินทร์ และวัดราชบพิธ และไปยังกระทรวงศึกษาธิการ","https://www.bbc.com/thai/thailand-54386431

นั่งรถแห่ไปยังโรงเรียนในกรุงเทพมหานคร พร้อมนำจดหมายลาออกให้รัฐมนตรีว่าการกระทรวงศึกษาธิการลงนาม"," 3 ข้อเรียกร้อง คือ 
1.หยุดคุกคามนักเรียน 
2. ยกเลิกกฎระเบียบที่ล้าหลัง 
3.ปฏิรูปการศึกษาทั้งระบบ 
และ 1 เงื่อนไข คือหาก รมว.ศึกษาธิการทำไม่ได้ก็ต้องลาออกไป",,,
127,"กิจกรรม ""ครูลุยกระทรวงทวงพื้นที่ปลอดภัยในโรงเรียน"" โดยกลุ่มครูขอสอน",126,1,2,04-10-2563,"กระทรวงศึกษาธิการ 
กรุงเทพมหานคร","- แสดงจุดยืนเชิงสัญลักษณ์โรงเรียนต้องเป็นพื้นที่ปลอดภัยเพื่อส่งเสียงถึงผู้ที่เกี่ยวข้องในทุกระดับให้ดำเนินการแก้ไขปัญหาความรุนแรงในโรงเรียนและอื่น ๆ อย่างจริงจัง

- เพื่อแสดงจุดยืนให้สถานศึกษาปฏิบัติตามหลักการของสิทธิมนุษยชน เพื่อให้สถานศึกษาเป็นพื้นที่ปลอดภัย เป็นพื้นที่สำหรับการพัฒนาผู้เรียนทั้งด้านร่างกาย อารมณ์ สังคม และสติปัญญา โดยใช้วิธีการที่ธำรงไว้ซึ่งศักดิ์ศรีความเป็นมนุษย์และเรียกร้องต่อกรณีการละเมิดสิทธิมนุษยชนในสถานศึกษาและการสร้างโรงเรียนเป็นพื้นที่ปลอดภัย",,,,
128,กิจกรรม #อีสานลั่นกลองรบ โดยแนวร่วมนิสิตมมส.,94,1,1,04-10-2563,มหาวิทยาลัยมหาสารคาม จ.มหาสารคาม,"เพื่อเรียกร้องให้คณะรัฐมนตรีและส.ว.ลาออกจากตำแหน่ง, ร่างรัฐธรรมนูญฉบับประชาชน โดยมีประชาชนเป็นผู้ร่างและปฎิรูปสถาบันกษัตริย์ ให้อยู่ภายใต้รัฐธรรมนูญทั้งทางนิตินัยและพฤตินัย",,"1,2,3,4",,
129,กิจกรรม #รำลึก44ปี 6 ตุลาลืมไม่ได้จำไม่ลง,94,1,2,06-10-2563,"ศาลหลักเมือง จังหวัดอุบลราชธานี 
จ.อุบลราชธานี",รำลึกเหตุการณ์ 6ตุลา นำเสนอข้อเรียกร้องของ คณะประชาชนปลดแอก,,"1,2,3,4",,
130,กิจกรรม #ดอกสาระจะปะทะเผด็จการ โดยกลุ่มแซร่าวิดยาไม่เอาเผด็จการ,115,1,1,08-10-2563,"โรงเรียนสารวิทยา 
กรุงเทพมหานคร",แสดงออกเรื่องปัญหาการศึกษา,https://www.mobdatathailand.org/case-file/1602164167950/,,,
131,"กิจกรรม ""รัฐธรรมนูญต้องมาจากประชาชน"" โดยเครือข่ายรามคำแหงเพื่อประชาธิปไตย",94,1,2,08-10-2563,"มหาวิทยาลัยรามคำแหง 
กรุงเทพมหานคร",เรียกร้องให้ร่างรัฐธรรมนูญใหม่ที่มาจากประชาชนอย่างแท้จริง,"ตัวแทนเครือข่ายรามคำแหงเพื่อประชาธิปไตยอ่านแถลงการณ์เรียกร้อง 8 ข้อ เรียกร้องไปถึงสมาชิกรัฐสภา ดังนี้


1.ให้เข้าชื่อเสนอให้เปิดประชุมวิสามัญรัฐสภาเพื่อลงมติให้มีการแก้ไขรัฐธรรมนูญอย่างเร่งด่วน

2.รัฐธรรมนูญต้องแก้ไขได้ทุกหมวด

3.การแก้ไขรัฐธรรมนูญต้องตั้งส.ส.ร.มาร่างรัฐธรรมนูญและสมาชิกส.ส.ร.ต้องมาจากการเลือกตั้งของประชาชนทั้งหมด

4.ต้องมีตัวแทนนักเรียน นิสิต นักศึกษา เป็นสมาชิก ส.ส.ร.

5.ต้องมีตัวแทนนักเรียน นิสิต นักศึกษา เป็นกรรมาธิการยกร่างรัฐธรรมนูญเพื่อเปิดโอกาสให้เยาวชนคนหนุ่มสาวได้เขียนอนาคตประเทศด้วยมือของเขาเอง

6.มีการรับฟังความคิดเห็นประชาชนอย่างอิสระและมีการทำประชามติรัฐธรรมนูญที่ร่างขึ้นมาใหม่

7.รัฐธรรมนูญที่ร่างขึ้นมาใหม่ต้องมีเนื้อหาเป็นประชาธิปไตย

8.เมื่อมีการประกาศใช้รัฐธรรมนูญแล้ว นายกรัฐมนตรีต้องประกาศยุบสภาเพื่อให้มีการเลือกตั้งตามรัฐธรรมนูญใหม่ทันที","1,2,3,4",,
132,#โคราชจะไม่ทนep3 #โคราชนัดปักหมุด ,"94,98",1,2,09-10-2563,"อนุสาวรีย์ท้าวสุรนารี 
จ.นครราชสีมา",เพื่อเป็นการประกาศว่า มวลชนนครราชสีมาจะสานเจตนารมณ์คณะราษฎร 2475 และเพื่อเป็นการย้ำจุดยืนและเจตจำนงในการต่อสู้เรียกร้องประชาธิปไตยโดยมีกษัตริย์อยู่ใต้รัฐธรรมนูญอย่างแท้จริง,,4,,
133,กิจกรรม “หมายที่ไหน ม็อบที่นั่น” โดยกลุ่มขอนแก่นพอกันที,13,1,2,09-10-2563,อนุสาวรีย์ประชาธิปไตยขอนแก่น จ.ขอนแก่น -> ศาลแขวงขอนแก่น จ.ขอนแก่น,แสดงออกเพื่อคัดค้านเเละต่อสู้กับความอยุติธรรม,,1,,
134,#ม็อบ9ตุลา : เชียงใหม่จะไม่ทน ครั้งที่ 3,94,1,1,09-10-2563,"ประตูท่าแพ 
จ.เชียงใหม่","- เน้นย้ำ 3 ข้อเรียกร้องของประชาชนปลดแอก

- เชิญชวนให้ประชาชนไปร่วมการชุมนุมใหญ่ที่ถนนราชดำเนิน วันที่ 16 ส.ค.2563 

- แจกหนังสือ ""สถาบันพระมหากษัตริย์กับสังคมไทย"" ฟรีจำนวน 100 เล่ม","เน้นย้ำ ""ข้อเรียกร้อง 3 ข้อ

1. ""หยุดคุกคามประชาชน""

2. ""ร่างรัฐธรรมนูญใหม่""

3. ""ยุบสภา""""","1,2,3,4",,
135,#เยาวชนพัทยาลั่นกลองไล่เผด็จการ,94,1,1,10-10-2563,"ชายหาดพัทยา 
จ.ชลบุรี",เพื่อแสดงจุดยืนเรียกร้องให้ประเทศไทยมีระบอบการปกครองที่เป็นประชาธิปไตยที่สมบูรณ์,,,,
136,กิจกรรม #จั๊กอ่ายเหว่ยเฮยนู่ละงึด โดยเยาวชนโคราชเพื่อประชาธิปไตย,94,1,1,10-10-2563,"อนุสาวรีย์ท้าวสุรนารี 
จ.นครราชสีมา","เพื่อเรียกร้องให้หยุดคุกคามและดำเนินคดีกับประชาชนโดยทันที, สมาชิกวุฒิสภาซึ่งได้รับการแต่งตั้งโดยคณะเผด็จการจะต้องลาออกหรือสิ้นอำนาจไป, ตั้งสภาร่างรัฐธรรมนูญเพื่อร่างรัฐธรรมนูญฉบับใหม่มาใช้แทนรัฐธรรมนูญของคณะเผด็จการ โดยสมาชิกสภานั้นจะต้องมาจากการเลือกตั้งทั้งหมด, ยุบสภาเพื่อคืนอำนาจให้ประชาชนและมีสถาบันกษัตริย์ที่อยู่ภายใต้รัฐธรรมนูญแท้จริง",,"1,2,3,4,",,
137,"#ม็อบ10ตุลา : ภูเก็ตจะไม่ทน โดยกลุ่มเครือข่าย ""ภูเก็ตไม่ทน""",94,1,2,10-10-2563,"บริเวณวงเวียนกะเฌอขุดแร่ ซอยสะพานหิน 
จ.ภูเก็ต","เพื่อรวมตัวกันของคนภูเก็ตที่ได้รับความเดือดร้อนและได้รับผลกระทบจากการบริหารประเทศที่ล้มเหลวของรัฐบาลพลเอกประยุทธ์ จันทร์โอชา, ผลักดันรณรงค์ให้มีการแก้ปัญหาความเดือดร้อนของคนภูเก็ต, สนับสนุนหลักการปกครองตามระบอบประชาธิปไตย","ข้อเรียกร้อง 3 ข้อ 

1. เร่งให้มีการแก้ไขปัญหาความเดือดร้อนของคนภูเก็ต ทั้งในระยะสั้นและระยะยาว โดยเฉพาะในช่วงวิกฤตที่เกิดจากการแพร่ระบาดของเชื้อโรคไวรัสโคโรน่า 2019(โควิด-19 )

2. จัดให้ภูเก็ตเป็นจังหวัด จัดการตนเอง โดยผู้ว่าภูเก็ต ต้องมาจากการเลือกตั้ง

3. สนับสนุนข้อเรียกร้องของกลุ่มเยาวชนปลดแอก และกลุ่มประชาชนปลดแอก กล่าวคือ 
3.1 หยุดคุกคามสิทธิเสรีภาพ ของนักศึกษา และประชาชน 
3.2 จัดให้มีการแก้ไขรัฐธรรมนูญ ฉบับปี 2560 อย่างเร่งด่วน 
3.3 พลเอกประยุทธ์ จันทร์โอชา และ สว. 250 คน ต้องลาออกไป","1,2,3,4",,
138,กลุ่มนักเรียนเลว (นรล.) พร้อมแนวร่วมร่วมกันอ่านแถลงการณ์นักเรียนเลวและแนวร่วมองค์กรนักเรียน ,126,1,1,06-11-2563,"อนุสาวรีย์ประชาธิปไตย
กรุงเทพมหานคร",https://www.thairath.co.th/news/politic/1971161,,,,
139,"กิจกรรม ""ม็อบตุ้งติ้ง2"" ในธีม ""ไพร่พาเหรด"" โดยกลุ่ม ""เสรีเทยพลัส""
(#ม็อบ7พฤศจิกา : ไพร่พาเหรด) ",31,1,1,07-11-2563,สามย่านมิตรทาวน์ Samyan MitrTown กรุงเทพมหานคร -> ซอย สีลม 2 กรุงเทพมหานคร,"- เรียกร้องความเท่าเทียมทางเพศ

- ยอมรับความหลากหลายทางเพศ

- ทำลายปิตาธิปไตย

https://thematter.co/brief/128110/128110",,,,
,,,,,,,,,,,
**,เปิดไทม์ไลน์ก่อนการชุมนุมใหญ่ขับไล่รัฐบาล 16 ส.ค. 63,,,,,,"ใช้ข้อมูลกับจักรวาลปลดแอกได้

https://www.matichon.co.th/politics/news_2309126

https://www.thebangkokinsight.com/400818/",,,,